<?xml version="1.0" encoding="UTF-8"?>
<beans xmlns="http://www.springframework.org/schema/beans"
       xmlns:xsi="http://www.w3.org/2001/XMLSchema-instance"
       xmlns:context="http://www.springframework.org/schema/context"
       xmlns:mvc="http://www.springframework.org/schema/mvc"
       xmlns:tx="http://www.springframework.org/schema/tx"
       xsi:schemaLocation="
		http://www.springframework.org/schema/beans
    	http://www.springframework.org/schema/beans/spring-beans.xsd
    	http://www.springframework.org/schema/context
    	http://www.springframework.org/schema/context/spring-context.xsd
    	http://www.springframework.org/schema/mvc
        http://www.springframework.org/schema/mvc/spring-mvc.xsd
		http://www.springframework.org/schema/tx
		http://www.springframework.org/schema/tx/spring-tx.xsd">

    <context:component-scan base-package="tms.shchayuk.audition" />

    <mvc:annotation-driven/>

    <bean
            class="org.springframework.web.servlet.view.InternalResourceViewResolver">
        <property name="prefix" value="/WEB-INF/view/" />
        <property name="suffix" value=".jsp" />
    </bean>

    <bean id="dataSource" class="com.mchange.v2.c3p0.ComboPooledDataSource"
          destroy-method="close">
        <property name="driverClass" value="com.mysql.cj.jdbc.Driver" />
        <property name="jdbcUrl" value="jdbc:mysql://localhost:3306/hibernate_mvc_zaur?useSSL=false&amp;serverTimezone=UTC" />
        <property name="user" value="root" />
        <property name="password" value="1234" />
    </bean>

    <bean id="sessionFactory"
          class="org.springframework.orm.hibernate5.LocalSessionFactoryBean">
        <property name="dataSource" ref="dataSource" />
        <property name="packagesToScan" value="tms.shchayuk.audition.entity" />
        <property name="hibernateProperties">
            <props>
                <prop key="hibernate.dialect">org.hibernate.dialect.MySQL5Dialect</prop>
                <prop key="hibernate.show_sql">true</prop>
                <prop key="hibernate.enable_lazy_load_no_trans">true</prop>
                <prop key="hibernate.hbm2ddl.auto">create</prop>
                <prop key="hibernate.hbm2ddl.import_files">/data.sql</prop>
            </props>
        </property>
    </bean>

    <bean id="transactionManager"
          class="org.springframework.orm.hibernate5.HibernateTransactionManager">
        <property name="sessionFactory" ref="sessionFactory"/>
    </bean>

    <tx:annotation-driven transaction-manager="transactionManager" />


</beans>






